-- phpMyAdmin SQL Dump
-- version 5.1.1
-- https://www.phpmyadmin.net/
--
-- Host: 127.0.0.1
-- Generation Time: May 05, 2023 at 05:19 AM
-- Server version: 10.4.22-MariaDB
-- PHP Version: 7.4.27

SET SQL_MODE = "NO_AUTO_VALUE_ON_ZERO";
START TRANSACTION;
SET time_zone = "+00:00";


/*!40101 SET @OLD_CHARACTER_SET_CLIENT=@@CHARACTER_SET_CLIENT */;
/*!40101 SET @OLD_CHARACTER_SET_RESULTS=@@CHARACTER_SET_RESULTS */;
/*!40101 SET @OLD_COLLATION_CONNECTION=@@COLLATION_CONNECTION */;
/*!40101 SET NAMES utf8mb4 */;

--
-- Database: `mdb_st2645h`
--

-- --------------------------------------------------------

--
-- Table structure for table `category`
--

CREATE TABLE `category` (
  `CategoryID` int(11) NOT NULL,
  `Name` varchar(20) NOT NULL,
  `Description` varchar(255) DEFAULT NULL,
  `Removed` tinyint(1) NOT NULL DEFAULT 0
) ENGINE=InnoDB DEFAULT CHARSET=latin1;

--
-- Dumping data for table `category`
--

INSERT INTO `category` (`CategoryID`, `Name`, `Description`, `Removed`) VALUES
(2, 'Reuninon', NULL, 0),
(3, 'Medical', ' medical problems ', 0),
(4, 'Engineering', 'computing related concerns', 0),
(5, 'Farewell', NULL, 0),
(12, 'Sample', 'Sample', 0),
(14, 'Viva Presentation', 'May Batch', 0);

-- --------------------------------------------------------

--
-- Table structure for table `comment`
--

CREATE TABLE `comment` (
  `CommentID` int(11) NOT NULL,
  `IdeaID` int(11) NOT NULL,
  `UserID` int(11) NOT NULL,
  `CommentText` text NOT NULL,
  `Anonymous` tinyint(1) NOT NULL DEFAULT 0,
  `DatePosted` datetime NOT NULL DEFAULT current_timestamp(),
  `Removed` tinyint(1) NOT NULL DEFAULT 0
) ENGINE=InnoDB DEFAULT CHARSET=latin1;

--
-- Dumping data for table `comment`
--

INSERT INTO `comment` (`CommentID`, `IdeaID`, `UserID`, `CommentText`, `Anonymous`, `DatePosted`, `Removed`) VALUES
(6, 9, 1, 'huhu', 0, '2023-04-03 00:00:00', 0),
(7, 9, 1, 'huhu', 0, '2023-04-03 00:00:00', 0),
(8, 4, 3, 'good luck', 0, '2023-04-14 00:00:00', 0),
(11, 19, 29, 'the due is on 23 april.... very scaryyyy', 0, '2023-04-19 00:00:00', 0),
(12, 21, 30, 'huhu...', 0, '2023-04-19 00:00:00', 0);

-- --------------------------------------------------------

--
-- Table structure for table `department`
--

CREATE TABLE `department` (
  `DepartmentID` int(11) NOT NULL,
  `Name` varchar(20) NOT NULL,
  `Description` varchar(255) DEFAULT NULL,
  `Removed` tinyint(1) NOT NULL DEFAULT 0
) ENGINE=InnoDB DEFAULT CHARSET=latin1;

--
-- Dumping data for table `department`
--

INSERT INTO `department` (`DepartmentID`, `Name`, `Description`, `Removed`) VALUES
(1, 'FOEIT', NULL, 0),
(2, 'Music', NULL, 0),
(3, 'Pscyhology', NULL, 0);

-- --------------------------------------------------------

--
-- Table structure for table `document`
--

CREATE TABLE `document` (
  `DocumentID` int(11) NOT NULL,
  `IdeaID` int(11) NOT NULL,
  `Name` varchar(50) NOT NULL,
  `Type` varchar(50) NOT NULL,
  `Document` longblob NOT NULL,
  `Size` int(11) NOT NULL,
  `Removed` tinyint(1) NOT NULL DEFAULT 0
) ENGINE=InnoDB DEFAULT CHARSET=latin1;

--
-- Dumping data for table `document`
--

INSERT INTO `document` (`DocumentID`, `IdeaID`, `Name`, `Type`, `Document`, `Size`, `Removed`) VALUES
(4, 20, 'logo.jpg', 'image/jpeg', 0xffd8ffe000104a46494600010101004800480000ffe202284943435f50524f46494c450001010000021800000000021000006d6e74725247422058595a2000000000000000000000000061637370000000000000000000000000000000000000000000000000000000010000f6d6000100000000d32d0000000000000000000000000000000000000000000000000000000000000000000000000000000000000000000000000000000964657363000000f0000000747258595a00000164000000146758595a00000178000000146258595a0000018c0000001472545243000001a00000002867545243000001a00000002862545243000001a00000002877747074000001c80000001463707274000001dc0000003c6d6c756300000000000000010000000c656e5553000000580000001c0073005200470042000000000000000000000000000000000000000000000000000000000000000000000000000000000000000000000000000000000000000000000000000000000000000000000000000000000000000058595a200000000000006fa2000038f50000039058595a2000000000000062990000b785000018da58595a2000000000000024a000000f840000b6cf706172610000000000040000000266660000f2a700000d59000013d000000a5b000000000000000058595a20000000000000f6d6000100000000d32d6d6c756300000000000000010000000c656e5553000000200000001c0047006f006f0067006c006500200049006e0063002e00200032003000310036ffdb0043000403030403030404030405040405060a07060606060d090a080a0f0d10100f0d0f0e11131814111217120e0f151c151719191b1b1b10141d1f1d1a1f181a1b1affdb0043010405050605060c07070c1a110f111a1a1a1a1a1a1a1a1a1a1a1a1a1a1a1a1a1a1a1a1a1a1a1a1a1a1a1a1a1a1a1a1a1a1a1a1a1a1a1a1a1a1a1a1a1a1a1a1a1affc0001108012c012803012200021101031101ffc4001d000100020301010101000000000000000000050704060803020109ffc4004c10000005010404080a040d04030100000000010203040506071112212231421332415152616271081415237281829192b116c1c2d124334344536393a1a2b2e1e2f0173473d23545f154ffc4001c0101000203010101000000000000000000000506020304070108ffc4003d110002020102020704060904030000000000020103040512112213213132414252061451d223728191d1f06162718292a1a2b1e11533b2c116c2f1ffda000c03010002110311003f00fe7f8000000000000000000000000000000000000025e8d1132ce412cf0d4ca9ef3116b49a14a4ab691e06363b3e8c9156be9afe430ad044e065f0892d4775bd63086e6e0763d5f40ae430000cce300000000000000000000000000000000000000000000000000000000000000000000000000000000000000000003d1a470aea11d25110036da6b5c1c4611860786650f5ac44f1b80e61c76b5cbed0f46d397290ce6f9732732471cced6e24fc22b26c2b9d23f3698cfaac238135d6b299231c518f290c1e51d913c48268959e127c8000188000000000000000000000000000000000000000000000000000000000000000000000000000000000007ab0ea98750e276a0f11e4000de1a5a56825a78aad29120d880a1c8e1a36451ebb6787b236042548e391a732714e29dd1c6fca58696debb887b530cdc8ad4a416968f22fb8c69e2ce763a24c57185191138832d22b790caa3bee34e1655a1464a1b699e5e047e757b6cdff0013c00006f2380000000000000000000000000000000000000000000000000000000000000000000000000000000000000000dbaef2892ed35b0a5d069e4a53f549088e581639713d2bf64b131d53e12f7771a8b0e815ca1b04dc38ac229721249d8484f9959fb3897c235af02fb0a536b159b6739bf354f4789c2332fcb2cb5d5ea468f6c756db3b351ed8d98aad0a660944d61484ad5b8be3217ecab050a06afabf41aa22af753bdf6f6fdca5a34ea25b17afcc7f3d59d891a95af87c14b6a520b51d4e07de5fd301babf0e453a5c88739b535262baa65d42b916956552460d6a0794298eb645e71059d1de42e08fc1b898df4f4b54c1580000ef2b200000000000000000000000000000000000000000000000000000000000000000000000000000000001f5ca3d9a65c7dd436c254e38b51250849626a33e41e4458918bbfc16ac0fd36bd1852a633c2d328492a848c538a54b49f9a41f7af03ee4a869c9bd71a97b9fb14db5d6d6bc24789db9753619177377b44b3f8126532cf0d3545cb217a5cf84f57b9291b638325cd618ce0f06bed6c8b1ad7ef317dad1515554e46f091b21e46b5f1ebd15bcb16b48f3b9762642342be24e0af8853edf20edbbd8b21f4d2c454a9cd24953594f8d433fd6a35b2fb49c53ed0e226f627747a4e8597ef586a93da9cbf29cf626d72bbb4703c9f5679092c1b73ce23d1311198f12e72160db1a778d534a5208b848cad6e7c862bd3e7170a9f7a152ccaba1ba63c24f80001b8e2000000000000000000000000000000000000000000000000000000000000000000000000000003d74e1de3fa1de09f604ec7dd7b55594d64a85a25f8daf36d28e9c4992f7665fb63882ec2c548bc3b7744b391b312674a4a5e597e4d92d6717ea4128c7f54da8ecc38ecc686d9351e3a12db482dc42538253f0a451fdadcce8ea4c58f375b7ecf0fcfe82734aab734d92793831dc190e0c77079996883156aca799238cef9ec87d14b7733c5dac902a5f8647c362732b5d3ecaf1f8923b2dc154dfc592fa4763173a3b5c24ea3abc651827594d7e553f0eb7b227743cbf75cc589ec7e5f94f9626e539354ca2430b65d4e66dd4a90a2ec8a96a10d7026bd19ce336b34e3ce2df6c69f6de94a5bf1e6466d4b52d3c1b8482c758b61ff9cc3d6287db3b484d468e92adf1daa68c692e910fcc70ff00e89666cfd5a41f9aa7c9577b46433d9b0d5b7bf33e0ffe471291d7362477a4814c4c8b3b8933f61aeab1ebf78f92ebf9e037566ed2ace61c23d15b2eb59fdc24d9bab795870b52427d16cd5f58d539152f9890af45d42deed5ff004570a2e6c41245ca7fbc5ad1ee9a111f9fa83ee7a0824fde251abb3a0b45ae529e3edbf87c886a6cda23c494abd94d52ded588fdefc3894a6831f6934f3fee3179a2c4d9e8c78f93db33fd62ccfe663299a15219d11a9f0c95d4d1294309cfae7b20e8ff00c4f2d7beebfcff00c141252b51e09428cfab1196cd2e73f87030e42f1e8b4a31d0d128339fd4a6d2253b9b923c35abf95227235d85b8a8e1e27642bcf63b15e4f7529fe248c63325bbaa6a7d02aa7fdcbbf3f79ccedd94ac3a65853df4fa69c9f31948b135732d669b41769d21d4d17c1def4271e0d58e9cdf69e71a6bf9962622f8245e94b32e16974e8647cb22a48d5f8330d9d35ede5391f0302bedb7f9a9c928b0b33470b2196fb8cd43d4ac51278f38cfb9afea2e5bc6bb5b47761586e976ba221979e6f8565d65de15b7919b2e283fb2ad61a2b9c50e99fc4461e2eddcb1b8d5fe89c36cb5dc7967de948f872850639296a23ca5a715ac4b54ea0c53dacf217adba82da6349a9559ea8acf1f36d6eb65b086d4dee70dfd051d5b7acf49f2a311a9b84ca0cbf48a2f9008ad203a2238114cd2d3c4fc00019180001f400f901e8965c5f112a57710c845326af891241f734a0e3107ddb262068130cd98adbe58b1479ee96386a445ab4fb865b3606d4c83f33672aeaeb280effd4632eb1db265b1be06bfef1f98778dc99ba9b6d23f1365aaabd18ffb5510cf66e42f0e4962d590a9fb4d65f998d33958ebdb647df067d15be992bec03016831e0f379b270e0ac94d2c7a6eb48f9ac4b46f057bd6946596cd7058963e727c74fdb1a9b51c25ef5cbfc5065eed7fa27ee2ebf023b066d46af5b69ad6b3a7e4e80665c9a16f28bf80bd4a1d6ebde10377d6423d81b0f42b391729a6044421d5a53c7755aceafd6b5189e5ef0f1dd5733dff0031eef2f97ea96cc5aba1a950c67063b8321c18ee08a2420c470633e843adad0ea09c6d69512d0ae2a92ae32464b83c1ce281ba0e57a85c0db776bd5062cad9b9d54a5a2428a34a6c9294291bba54a4eb163955e889981e0b37ad2892b3b3adc44abf4f5065069f524d43ad6c65b16acc78db53db79e8ae60b425a223325faccb697f28d9debdfa620cb82a7cd70b971c89fb43d4f0755c2b7151efb783f89076db9d5dacb4a718392e9fe06f78d270f1b7e87071e9cc5af0f720c6cb07c0a2d1ab0f285aaa533ff0c5717f3c05ef26fb1694fe0b462cdfac95f72440ccbe8afac8ca3c6851f0e5c8a59fef50cdb57d297b2667ec6ff067176b0dd9b57f87fc9a542f0278a9c3ca16ca439ce4c53d28f9ad436187e07363a3e1e3b5aadcbc399c69af92060cebd4b56f91915538023e4658411ff28d66a16babf3ff00ddd6e7ba9e89c83497f08e79d6f03c95331b227569edbf87ecff00e16833e0b77654c24ae6b539e4972c9a929247f0e51e8abb3b8ea27fb88343252791e9ca78fdca598a224bab7d58bee2dd576d4a508e71294f14b28d33ae2f929832e8b39bbf94ff007cfcc741f966e3e8658c5a5d15c5168f3348e10fde681e4abf4b05472cb44b38f1a8b67050d964be639d9de518abda3e7face44f62c47d8699c0adbbeed3fb58bf6778522909cb4ab34445ba6fcbfb249fac6ab50f09db5cf9610e0d2a19ff00c6b70ff7a8542e7146cd61aecebb78533251d9e02021583d3de4e0da3a93d23ea2fe119267676436c56e6306c4c4a1773412abbecbcaaec96e1536aae9c879595a8f060a33ad5cc5ab985a14fa2bf61689f4b6ff006da4fe09b3ccdd2fc7966835eea14483f3abec27579f3086b496fac1783641914cb2cca2d1db65a30794a5254a6d5fae597113fab4e9f98e3abc4bc8ad5b7a9b95bb715454b7cb313493d0db29e8368e2a7e6ade1394d2c9d76b6e6f4eeea34ad5172f145d89f1f349b7dfe5f2b97c76962ca8f08e05229adad882d2f4b8b2529266b5f59e54eaee8e7ead5a7662666209a5e777978e284fde226bb6adea96666212a3c5e6cda57dff0070d60f1312a954b7339c17e6aa2f454774f69125c94ea9d90b371c56d518f120c07e8ea21e6789f200007c000000b4ec45e446884dc0b4d198718d048964c24d68f4f46b175f1bbc5cf0bc55f690f444c77197539d0b6d29511a7a44a1c8c36bb216eea5649f2f163f1886a3f3919c56a2bacb98fac42e6e9b1773d5de263133fa3e4b3ba753c6d5d54a4925d4912f1d6b49ea99fc434db256ae9b6ae2f0f4b7bcea13e7585e871bef2de2eb21b831b453aeadab6db62963475b177292f1d6bd1ae7f10968ea5748c43c6dd12d17608f73326a2284ec5d820a209d8bb070d809b89ba27e188089ba27e188fb019eb18ebde190b18ebde1cc7c5319c18ee0c87078936e3eb26d86d4eb87b1082c4c7c88ddcaa6f8309c1e0e7146eb4dbbdaa4f34ae6e480cf6f597ee1b9d2ac151e9995c5b3e3af96fbe78e9ea2d82c387ecf67e5f3346c5fd6fc3b48fbb52c7a7c7737ea951d36cf54eb4ac29f11c711fa45272a0bd663672ba298b84b5bb51693336a1b2419a3b8d5b7f70b750da524448491116c221e9868d02e38decbe1d2bf4b32f3f710d76af90edc9ca72e57ecf54e80ee5aa455329cd825de3217dc635f777875d4a8cd4b654d49421d69658292a4e246399edf354a8d68e647a0b04cc76751794f14a9de5c398b77d915fd57475d3a22c47e2b3e1e24be0ea0d96db197acd3de184f728cd78613dca20d0969309e186f0cc7860ba3ae0d6623bca31cd2a5b8942126b5a95952449cc6a574486cd662c755eda547c4a811b8534fe35e5eab6c973acfecf185bd2cec1f839d3513ad0b89ad5ab75ac596504937547d84fe4d18ef9ff413585836e573f753d4725b91b5ba345dcede5535cb1d720cc6a6aed1de9484522911db379711c77833c9cef2f70ba8b48d26f5fc27d52212accdd0b7e44a2348e08ea0d23827165d1653f932ed6df4455b7a37c5686f3a529fb4124a1d2993cf1e9ed39830d7695d357695ece51cfb692de999aa350f46eaa41a7f97ef16bc7a9517a3a17f78f96e3a622f4d9f3c5bc17f3da4e5a2b531a8e6b3717e35396ac54de7cc79b9d6aff0c55f55abcbabbe4e4d70d5d14a78a9ee2184ead4b59a9c351a8f49999e931e67b76096aea5acad6667db96df05f81f200037918000000000000000000000048d32ab328d39b994c92e4694d1e2871b56532fe9d43a26ef2f8605a036e0da25374eaa7149dc72b2ff00fd0fab8bf21cd18e0ad804679b410e3cbc3ab31783f6fc4eac7c97c79e5ec3bea3eae512d1760e4fbb5bed976714cd36d2f093e9458210e1697a397679cba8752d0eab0ab74e62a14994dcb84f162871b3d1e8f655d950f3fcfc0b70db9fbbea2d18d94990bd5de365882762ec105104ec5d820ac3b09b89ba27e188089ba374b2d4572b5256da17c134d962b5618e1cc91cc945b916ad75aee99353bad6aceddd3c5c1910e873ea47f824759a15f945e847bc58b4fb2f4e8464be04de708b8eeeb7f413794f0d1a05bf0fd949ef653fd8bf890b6eab31d5529a340bbb6cb05d5641baafd1b5aa9f7ed1b5c0a5c5a6b7921476994e1b89d27eb19c7816dc044552d1d368e9514c9284acbf26478abdc2d7561e06989bd6153f4cfe3245bdd9192dc1bac962d18738f353c8416ba8904678693e515b55ef3242c8d1488e4c97e91ed27f08fcb1316657aa2ed5eaefb921318f2b39d5ab9f94c8b6682f98e24d729c8c85c7c58df33e3d9106f6d3ecaaa9b6de582d2000165234d4adf5a54d99b3efbcd288a63fe6a3176cf97d5b4733bb8e2798cd47bca56f0de2f1ad19d7ebaae0978c38999a67a26ae55fafec8d1ddde1e4fac67fbf65f2f723aa3e62eba762fbbd1c5bbcc60bc309ee519af0fda751a757a7a20d223aa5485f223753d252b74846570cedb549166555dcc423c2c6b0d73132d0a5151b4ca5d268e459b29eabcf173eb710bacc6df12cb593b9fa526d15e24e8eecd2fc4a0cb3252be8348dab5f5fc873bdec5ffd76f194ec0a6f0946b39b3c550bf3aff5bca2fe42d1e90b862e975e3edb72bb7d3f31a7168cad5df662f52799dbfebe25a378de11145b0b01765ae763465bcc6285d4093998655cb93f48beb3d1e90e3eb596bf23cfd56d3541f973a4ab3a96eaf3bae9faff00f84359b516f6352897169449953125819e1e6dbfbcc54b509f26a5217226baa79d59e26a518b1d743dfc25fa97d265939b85a1acd185cf678b7e3f293168ed64bb42b34199b10d27a8c91e8ef3e731ad603ebbb6063a48c4b2aaa2f052897df6e43cd9637193e000064680000000000000000000000000000000003f46df61af02b560ea05228d2089859970f15dd2d3c9e6517d65a46a3b0c0cfa862e8962ec78e3064af293c60ef4bb2bd3a1de246c203a512a882c5ea7baad72ed23a65dded0b522ec1fcc4a7ce934c9ad4ba7bae4694c2c96d3adab2ad0a2e5231d6b72de1145686542b3b6d90655690b4b3167328d57d6ad0497525c551f48b473e0285aa684f4c35d8fccbf0f182c58ba845bc96f69d450d26a349248d4a5684a4b945f16568e546a4b6d2888df5ebba7da3e4f50a1e2ea9a72eaa858141b635082926e4abc7182e470f5cbb8fef111a2e762e0e433dfe6f1f81bb3e8bae4e085adb078c85b896966c2096e127552678119f788da5da18554c12d3991dfd1af42bfa8973c790c8c7a6d77557a6fa9b8c7e82b0c8d5b70682abb475baf1386d4ecd05b3e2935a08fdbe51a93bb4d5caa17d3d15a94d29a92da1d6d5b52a4e24634aadddeb4fe2e51dcf175fe895a507dc7ba283abe839b64f4d5d9367eacf6fcbfd8b0616a14a46c65e056cc447674a6a3c62c5d79648410bd68f4c668f4e621472d4693863ce7ca634fb0f652453e6489b556c9a71bf36ca7366ef5fd5ef1bfab032db8095f66f4c9c3a66fb9783b7f2839753ca8bde2b49e55067d434bbc5b44744a12d96159664b336dac36916f2bddf31b938a26d06b70c92492c4ccf9073cdb2af1da1ad3f20947e2e8f371cbb05cbebda3b75dcff72c5d89df7ea8ff00b93569d8bef17f19ec83527b60c37778493511f9cfa23c265c90fb87821082c4cc58d4cb0b45b1f497ad15e44e89162c62e11c4c87092cb3e9ab7cfabe63cf7034ec8ce7e15af2fabcb05b3272eac55e2fde34fb1f76b53b5ea44877340a5ef3eb4e973d02e5efd83d2f1efe2c65c74191676c34666b16993a1d690bc5b657cefbbcaaec169f445357d9e17950b546fd02eb8dea3d0ccb8376a597249925fabfd1a3f88fb22afa75d7489572551bc224baa546ad22324b5b4c7c322dcfdaad058f6543d17134fa3017e8fadfe3f810cdbf2655f23957cabf891b69ef0ad0db7abb954b4f38e7ca3d09c53821b2e8211b1042127257568c71de7dd65b3e3f00794d49e8e3d1186c8ce687d98e6dc5c28b5fa2e878f2fa4d751773443da728bb9dfed1908bb4a1ab924fedbfb46d31187a53ecb11506ec879696da4172ad4aca94fc42c2bdcbbd55dadac45252a5391dd84cc869d56f19a32b9fc695ff00084db7edddb8eaa3074ce996a7ad7737e8f494bffa6541c364afda97fd4792eed6869e493fb6fed1bbee8c758d51936fa896bf47d39579695fb8d217771452d9e33fb4fed1e2e5dfd1d3ff00e9fdaff68bdac1dd9c8b6d65adbd6194a8ce87050ec74a4ff1ae639d45fb342bd6a21593bac43a62eb7c58ab5b8980d632222f2fe834b72c2d253c5f18fda7f68c672c5d351c5393fb42fb86def0f8834d935aaa42a653d19e64e90d47611976ad6b224ff1286e5b2cf510f6e263af920d21cb274e463870ff001ff68c376cec247149cf8c5d37e57769baebc5aa59e60dc760b6db4f43717c65b4b4169f8b3a7d9155481d70cde2454d3432ee55350abc36a229be009459b1c71301916836b1eb01d69d842df0ab64c41040003e9a000000000000000003e8f498ea6f052bb8271c7edad5d925250a38f4c4ad3bdbeefab617b439fec2591976e6d453e890494953ebf3ce117e29a2e3acfb887f45a814c8b44a642a6531be0a143650c328e6222c3e2156f6873ba0a3a04ed6edfabfe497d371fa47e91bb14d9e26e89f8620226e89f863cbec2ce67af8c266996c67534890ff00e1ac16d259eb9771fde219631d7bc32c7cbbf11f7d0fc24d2f4d77af075dc5b148b4b4fab91263bbc1bdfa273555eee5133b79050cbd53234ea9a77859f621c9efd24dea8bea752b3f3495ed4a4bac7a368baedba83f416a75faa3ba57b37017197a456e536c000171220d06f32b8aa6d2130a3e64bb3350d45ba8e5d3d7b052ae0e9b970589cc1b331b43cd28b592b4e2462a7b7b6169d4780e54a9f21514b39178baf5d2b51eea0f8c91e7fed0e999573ce5c36e458eefc0b1e95974d711432f5b15dd3ed7bd61572eb91e13952f1486f19c46969429f24a336093e4d6490e35bcfbeab537c5574ccb5728d34e6979e252d851a18613d45bcbc37cf13f675475db9e8e61c536fecd7d14b6755a6a0b2b04ef0d1f57f24bd29f87361ea18fb3795caf8d3f597ff624b2e85e922d3a26e72e66e6ef7229354cb4968e955f42317e9529f8fc2f694dab82f388ed169e9124761d3ae9a834ebaeff004f1b279ca19c25c452d6a2e1559cccd4e63970cf9946ad9b47f3dbc186ca9da8be1a029d5f050a8f8d4e5b99b0242192c5389f211ad482f44d43b2e4f85cdddc7b66540298fbb00b142eb6da318a877a3d234f6c8b2fab48bc24a2af59039297b59b6be2de6299bd1b90ba3ba586475cb4d5f97537518b14c8cf306f39d67e6f511da3fe2144d9872cd9d688ad633544519d35111d3dd41bec96e9eba705f6b60df7c27eceb548bd6975482e949a6da08cd5422bc85f0885629c8bc0f9b14e6f6854ad08fba79b954b669c8cd42cb3b4ee3b8eed3c1deef1d9745b5d64ed0d46b91e33e990c1a9d694d1ad078a4964941191a4f0d1a360b12f4ee5e837aaed3a4d7a54b82ed390b4b6ec45212a3428c8f033511e82cbf314bf835cda35d6dd955edadb09c5023d625f07150a3d6750ce29c108de51acd7ee160d1ef5acb5fcd98aed9782f3d49aacd88f32dc394b4a1c5e2479569323c15c86643ad1aad9b657adbc084c85cf4ca9b91d9a1276efe1d9f1fb8e60bcea25dfd997974cb1154aad72a2d2f2bd29c75af156f9c8b2a08d67e8e8ef13b751616ecaf114cd32b15aac50ad12f4263adf678190afd4acd1fc07adde29d758762b8e47908e09e656a6dd42b7549560a4897b17669eb616be89428c4b254d9a86cd48e32118e65afd4949988647fa4e3b4f4dcdc46af0b6f4edb95776efcf2ed3fa1577175f46bb1b3922874653f2a3ca7d6fbee4acaa5b8a5112703c12458654910e77bc4f076ba8bb9a63b54b5569eb709859abc5e3b6e32b75c5741b464c55fe66316a5b2f093b13616bd1a82e3b26a46d384d4c7a1170a8885b358f7ccb9529c4cbbf40a13c2e20d3eb73accdb9b3931ba952aad195114fb2bce825b7ac9ee334a95a3b0266c9ab675794f2dc44cc6c889b59962df1f51485195615fb52f35691aaf43b32e9e0c3d19f69c92c76dd2c982fb449c32eee61d85751e0d97774fad50adbd93b4150b42c4659bf0d4b7da71952f052494795093c539b8bc865a4707bc3b27c1dab766ee4ae5a45afb6d3fc4ced0cd5bd163a559dd7d0dea212db7ca6664b563cca4e631ae8dbbbacecd521d5791a7d3b4b5ef9bc1e2cbdf04f8157b4f509f4b7a9b156c9bb11c42094d66cfaf9d2ad9adf118fe7edf2d1aec2cdcef255d7d5ab768a4b2bc245424bad78aa72eeb7950935abb5c5e8e61daabbd0b2de13975d6a6cc50dd729769254077252a4b995e35a35d06834f1d06a4a71c3d643f9b721269d5591a169560a4ab7543a5e57b6088c6875e57f2f94d5ed06d63da00b41b58f6806f4ee91d7ff00bb2410000ccd0000000000007de3b47e61b0058f735613e9d5ad69b968355261657e6f5a7751ed1e8eec46bbad4a2b6b1fb20d95a358f0907417839580fa2f67155ba83796a957412918ed6e36d4977ab8df08bfe2ec1051304e524912493a1245c5213b1760f24cec87cbb9ad7f3172a6b5a115209b89ba27e188089ba27e1885b0e833d631d7bc321631d7bc398f8a7bd2696aac545a889c721ab174cb911ca2e369b430d25b64928421244922e4214a45a8c9a6be97e13a6cb9b14645b4b98c6eb4abc4697959acb7e2ebfd3365991eb2da42efece67e0e22ca58db5e7c67b087d4b1efba61939960df74110d3ad55b66ececd8d19b8e5254b2ccf167c0d29e4c3ac6c122af118a6bb502750e456d19b3a0f1c4850d55a83b559cfcb93a1c7978fa3d1489ed7f559c1a55289e76fec70e9b87192f336472a974d1ed652eba922872124f97199735569f572fa855979b680aaf593871958c585aba361bbcaaf56cf886b06a520d268334ad3a52a2e310c3755994a356b2b30a7e67b41919f8bd03aedf8cc7893d8fa6578d7f490c47ba287f088b39c3c4a6d7d846bc7578ac83ec2b4a15f1629f685f0e8d76d650dab4967ea54a7f2a5325852107ccbda857c4948e3d3b23dd7252cfced246c4de9c0e41a75566c287321c296ec68d390844c6db565279093c5285f48b1d3978a3d591925671f8ee1b4fb884ba8560a4e556aa92236bf2be8cb2c3b21b5486dc352716f570575ff9ba3d477c58db54e6f77b71ea6b2c5db0a6c27539b229d169f2253aec188a5ae2b0b5e64326bc33e4e6c702d54f30fb686809bc3869fccdef8c864a6f2a127f337fe2209a2df499d1a961a76b965c9a94ca8370db9f25c7db86c701150b568651cc84f26d1f71dd723bedbd1dc5b4f34ace871b5289485739293c5315aa6f46127f3091fb448f74dec412ff00d7c8f8c8734e2dfe92c18face9a8bb66d5feaf94b366cd915194fcb9ceaa44a7d66e3ae2f6ad67b4cfac7c42a9cda4bcb7e9529d86fa9a5b46e32bc8bc8b2c0cb36ee25a0571fead41c3ff001b2bf6843ccef5a0abff005d27e321f2316ff81dd7ebba4bd7b22d5fe19f94dd5692496094e548fc5d4e6b54d7e98894ea69ef3a4fae3e3a86e96382f0e7d27a7ac68abbd284afcc647c643c57797097f9948f8c86e5c6b63ca57f2355c0b3b2dff91b4bc3e2ad549d565c7554a5bd2d51584c663845664b6d278a8427753d948d4557850d5f99bdf190f072ddc45fe6affbc86f8a5fd242dd9d8add8e6c0d4c934e96ccc8121e8b323ad2e30f32b5216d2d3c551293ac9508aa8c8766497a4ca59b8fbcb538eacf794ad2a508a72d9465fe6cefbc8623969a3af632e97ac874c23118f9343798c3b41b58f580c5aa4d44e36cda4293971da03ad23a883b995ac9982300007d35000000000001eecb2b79c4b4d24dc5ad444922da67cc3b72ea6c5a2c3d938d05682f283de7e6acb95c3ddee4a757e21445c0587f2a5695686a2d99c4a72b08a4a4e87247f671bbf28ea88e299af66ee9f764f0ef161d371f8474d24cc413b176082882762ec149b09d26e26e89f8620226e89f8623ec067ac63af78635a1b414bb2f499356b45398a6d3a3162ebefaf022ecf694add4a759438eef3afa6b37ac97a97674e459eb18a3cab516a4aa8976ba0d9f47977b36ef6e069b7e7cf18e55f3318434cb6c45dcc6f57ade1184c3d22cf5d4adaa854507c1cbac9ebc689ff1f238bed6c2ed6ee9f76f7c958b1a8453ed1ca9568a9ab59ad6e48733c968ccf49a0d5c64f615eac056a88d1a990c9b8e86e3c6693dc45da52857f696da29e52a2d1d46db67a16f96835777de2ff46918ad47bbaa715f33798caf94c14e92f6dcdf9eefcc7f482cfdaaa65a8a49cbb375344e82e1e0e132be2acb4e55a374cba2632dce28fe61d87bc1b41779572a9d979ce457763adab59b793d1711b1443b76e9bc20a8179adb7025e4a25a3d9e28e3ba8ff5b2b56df415a7d2153d57d9fc9c1fa4ab9d3fa94e4c4d46ac86e0dcb25aca18aef28cb7357366188ef28aaa138473a30deda331d186eef0ec4359435e4523c9b695d7909caccd4f0c9e6cdbc9f8b5bda15f5a4a5f966892a29275f2e66fd32d25ff005f685f979b49f1fa02a4a0b33d097c26af415aaafa95ec8a6db17dd3b21ada167c549dc554caa1aa7eef74e6d32c0cf1e71f9b3d46367b794af2557dfc85959925c323d7b4bdf88d5b1c7d62ee8dbd6260f22caa1f1ae7a5fb564f9000199ca000000000000000000000000000000000000001fbb34092a35264d7aa9129d4f41ae4c9709b424b9f9c46f28e85b86b1e98911cb4739af3f2316a2128b88def2fdad9dc4ae71cb9990b8b4359274e3513916c24171d95a1c7b3545834a8445c146460a5f4d7cab3ef3c4c6d51760898dba25a2ec1e6173358db98b92aaaaed526a209d8bb0414413b0d398d24911f6199371374405e25edd02eb298972aeb54cab484fe034b8fa5f907f611db3f6730acef12fdd14490f59fbbd6daacda22d57a51e98b07b4a3df5f5717f945211a9cef8f3f55ad4b7aaf5c97ad2274956659f51731094c2d23a4db664f2c7a7ccdf2a9d389897e7b7d1754799be5f5319d6aad1da1bceaa22ad6f5f2365b5a95068ed2bf07889e4c4b797d67fda222a9528b4a8a72673c4d365f12bb24918f696d442b3cc2b863e1651fe2984ab49f59f310a6eb15b995d97e3139ccc7b1082e2a0b98885e71f1ba585885da90659f9d8ba3a7414733fe7bdf2ff624ed2daf935c3369a238f0cb63647a55d663582d3b760fd2ea21f878e226955517841e7b75f6643efb278c9f23d10e29a5a56851a1693c48cb6918f30191a0e9fba5f0a595494c7a2de4f0b3a9e9c1b6ea884e77d92e4e113f942ebe3778eac8353855a80c5429329a9b05f2ccd3ecaf142cbbc7f2db1dba06fb7717b568aeda6e7a248e16038a239101fd665ef5721f68b48a7ea9ece5593c6ec5e57f8795bf02770f557ab92ee653fa0ce8c377786a57797b167ef36112a8eeaa3545b2c6453df52784475974d1d65ed651b6ba3cf9e9bb1ace8ad5daca5a52c4b577a36e823e630890c38cbe9ccd3a852165ce950e78a8405d2ea5261bb8e665d5234ef277543a25e153de652f82a846a8a12792427835fa69e2ff000ff289dd2aed96b573e625f4eb36dbb3d452979148f1ea214d68bcf433c55d683d07f64c53998f1eee41d28ec76e547758905999750a42d3ce950e7babd39da454e54374b1530e9a3bc8b61fbb01e83836ee5942bded660f456a652f63f54fd68ff1fd88a00012650c00000000000000000000000000000000000000367b1365ddb5b68a2d3d1992c63c248596e345c63fabbcc875ec18edc4619622a09a619425b6905b0925a1242b7ba8b27f46a824fca6f2d4679138ee3b508dc47d67de2cc6368a4ead95ef16ed5eea96cc0c7e86add3dac4ac6dd12d1760898dba312d3db5a4d89a678e569ef38bd11e2b7a5e7cf9905f6b8a2bd08d6b6c45dcc77b32a2ee6372767c5a5427e6d4e4b50e1c74e775e79782105d6a1465b0bdbab5bf37a97621c7e8b6670c922a66591f965ca4df411fbff946ab5aa9566f166b72ed619c3a4b679e2519b5ea27b6e748ff00cd519ea71886c1b8e1b6cb0da3499e824109dc5c04c69df6733ff4afccc4be0e9ad95f497f2a7a7ccdf5bd2bfd5f54fca65323526222340689b68b9b699f399f298d36d75e0334ccf129069913362dde321bff00b1882b5b784e4f25c2a2296c4533c1c7b8ab73bba242be3da78161de2c94624cf3dc73eb3ed2a569ee9a77757ab77cbf8fddf13d254a7663ca7a438a75d59e2a5a8f13318fca41a7983944a9e6f33333c64fc0001f4c400000000000cfa7d4255266b5369b29e8b29956669e696685a0f9c8c874f5d9784a315028f4abc25223c8d54a2a84582167fae2e4ef2d1e88e54c748119e3a07166e063e7a6db97edf13ab1f2adc56dc927f4a16b43ada1d696871b5a73a1685664a93d2250d66d7d37ca94394ca526a7509e11ac3a49ff00328e4dbb7be9ae5815a61af354a88a562b86eaf4b7ce6dab73bb60eacb2b6d28d6e2969a859e944fa0b2f0ccaf55c615d15a7ed71543cef334cc9d31e1e3997d45c30f514b99663aa63c0a7102b1bd5a3649512a6d1687cb8277d24f17f77c85cb6929be49adca8e94e5694ae11af455adf7a46b169a9255aa1cb89860e9a33b5874cb490b4e2deb0eb62f6317cd4b11755d2dd17b786e8fdbf9e539d007d292693325160643e45a0f090000000000000000000000000000000003eb49998dfaeb2cb797eba52e5b79a041c16bcdb16bdd47d7ea1a4468cecb90db11d06b75d5921092da667b0750591b3edd99a3314f6b037129cef389df70f69fd9f64466a595d055c23bcc496063f4f6f19ec836a638c2563f1843a5d6e3b6b7a438869942715ad6aca449ed285735fbc499685c729d6314b8d04b55fa9a8b2ad5ce4d96ef7ff28a8558b664b7042ceefb7abcc6e56c2f3d8b3cf2a914064aad68149fc591f9b8fd6e2beaf8b28af6353e44ba82ead68652aa757778ceacf4365ccd97210f2a452a2d25a36e2234af4adc5eb2d67ce6631ad05ab8d4041a0889f9aa2d46895c5ed1f309da31d68e4a17afd5f9f29df4d3563c7bc653767f0afccdf95262a95889448a7227b9911ba45b567cc442a2b476ba5da47890bc5984956286127fbcf9cc45d52ab2ab129522a0ea9d70cf02e622e6221807b4cf49899a3196aeb9ed2b9aa6b76e77d1d7ca9fdff6fe0798000ec2b40000000000000000000000000001f58edeb1b85dcda491666d445951642a3709e656a49eeab9fd780d37947d96247890c6c48b52527c4df45ad45ab62f81d6d5caea2bcc4679f6b829ecea2f271169e9767fb8436e885b3154f2bd1224ac4cdc5232398f4cb4189add152e8fa0e48f29fa0f076363ab57d8dccbfbc51d6fa9274ab42f9b4583124b8647af697bc6a8446a3d1b740b9af2693e50a178d3458bb0cf3fb07c6fa8fd42994a55c9ce42cb8d674b5449e2fafe17b96a2eb1dd6e68fb7fc9e60003a8ae800000000000000000000001fba47de43c86bc3411e0252cfd11fb43568b4e8ba16fac88d47b109e551f710f933111c64ca225a7841625d0595e11d5d7a62351a336e1a545b57cabf56cf7f30b52a95c8367e1aa5559f265ad894ed5acf988b94c6b958b4d4cb110e351a98d78dce6d049662367c4eb70f939f9c68e4c49a94df28d79df1b9aae223f26d2799242b134be75bd35bd49e52cf4c7409d0d5def319f54aad4edca92aa991c0a212b3b10d0ad2e731b87fe7da12319a430d21b650486d09c1249d8430dc90cc4656ec9709a6d1b566344b416b5ea899c7806a6621e8332e339fd3a849257bb91176a9d5375582bbdf9a5bef927ed0db76e2a571a8eb25bbb14fed24f7739f58ae1d75721c538ea8d6b51e2666789998f20c701235d6b547082b195976e5b6e73f00006d38c000000000000000000000000000000000000002cfba9aa65766535d3d0b2e1db2ed6c3fabdc2d1dd1ced41a92a91578739389a5a748d65ce9e5fdc3a1d0b4adb25a0f32149c52ae74882ceaf85bbbd47b17b2199ef184d44f6a7fc67f3278c869121a75979399b752a4293ce950e7cac53dca45525427713365c3223e72e43f70e8658abef469395c8d54693aae79a74fb5c9f5fb87dc1b383ecf89c7ed5e274d8dd3476a7fc64ad00004e1e5200000000000000000000004c947c288b51969370965f213964aa92291164268ade4a949f36e4c516861be8a3acf6e3d443e1b612b88964f59b3424849c5690cb6486d048417210e679868e124c578fccb27bd3e037148d6599d7dcd2e3abd65a8c644faac6a5b1c2495eb65d4416d5888a9d79aa623836b0764f471d08effb86952653d2df37642cd6e2b6998c16b97eb6375996b8ebb2aed33eb15c935873174f2b49e23447aa9fea224b4ec1fba47e10eb85888e10423bb3b7163f00007d30000000000000000000000000000000000000000000003d5045a31ee3173589b5505fa1c68f3e634c4a8fe6b0717812925b0f4f57c853389eb625de083c3691fa8c73dd4adcbb589ad2b55b749be6dae38f18e13074a92d2e967428969e74ab3088afd34aaf4895115b568c507ccb2d2428b8d519905ce121c97a3ab9db5a92360837835b8c6495c844a4733c8c7f796911fee2e8db918b737b518b975b577d531bbf7be5356341a4cc95aaa2d06463e33191e3ca33aab37ca535e944ca5937546a34a3611f288fe5d225a0f3a788569859e307e0000c8c0000000000000000037384bcd198599ee16618551afe42e0601e9d8a73ee10eecc77c55b649583786c2e5187ca352a719e32773e436ddb014a35199a8f1331f200369c20000000000000000000000000000000000000000000000000000000000000000000000000000000000000000000001fffd9, 12489, 0);
INSERT INTO `document` (`DocumentID`, `IdeaID`, `Name`, `Type`, `Document`, `Size`, `Removed`) VALUES
(5, 22, 'logo.jpg', 'image/jpeg', 0xffd8ffe000104a46494600010101004800480000ffe202284943435f50524f46494c450001010000021800000000021000006d6e74725247422058595a2000000000000000000000000061637370000000000000000000000000000000000000000000000000000000010000f6d6000100000000d32d0000000000000000000000000000000000000000000000000000000000000000000000000000000000000000000000000000000964657363000000f0000000747258595a00000164000000146758595a00000178000000146258595a0000018c0000001472545243000001a00000002867545243000001a00000002862545243000001a00000002877747074000001c80000001463707274000001dc0000003c6d6c756300000000000000010000000c656e5553000000580000001c0073005200470042000000000000000000000000000000000000000000000000000000000000000000000000000000000000000000000000000000000000000000000000000000000000000000000000000000000000000058595a200000000000006fa2000038f50000039058595a2000000000000062990000b785000018da58595a2000000000000024a000000f840000b6cf706172610000000000040000000266660000f2a700000d59000013d000000a5b000000000000000058595a20000000000000f6d6000100000000d32d6d6c756300000000000000010000000c656e5553000000200000001c0047006f006f0067006c006500200049006e0063002e00200032003000310036ffdb0043000403030403030404030405040405060a07060606060d090a080a0f0d10100f0d0f0e11131814111217120e0f151c151719191b1b1b10141d1f1d1a1f181a1b1affdb0043010405050605060c07070c1a110f111a1a1a1a1a1a1a1a1a1a1a1a1a1a1a1a1a1a1a1a1a1a1a1a1a1a1a1a1a1a1a1a1a1a1a1a1a1a1a1a1a1a1a1a1a1a1a1a1a1affc0001108012c012803012200021101031101ffc4001d000100020301010101000000000000000000050704060803020109ffc4004c10000005010404080a040d04030100000000010203040506071112212231421332415152616271081415237281829192b116c1c2d124334344536393a1a2b2e1e2f0173473d23545f154ffc4001c0101000203010101000000000000000000000506020304070108ffc4003d110002020102020704060904030000000000020103040512112213213132414252061451d223728191d1f06162718292a1a2b1e11533b2c116c2f1ffda000c03010002110311003f00fe7f8000000000000000000000000000000000000025e8d1132ce412cf0d4ca9ef3116b49a14a4ab691e06363b3e8c9156be9afe430ad044e065f0892d4775bd63086e6e0763d5f40ae430000cce300000000000000000000000000000000000000000000000000000000000000000000000000000000000000000003d1a470aea11d25110036da6b5c1c4611860786650f5ac44f1b80e61c76b5cbed0f46d397290ce6f9732732471cced6e24fc22b26c2b9d23f3698cfaac238135d6b299231c518f290c1e51d913c48268959e127c8000188000000000000000000000000000000000000000000000000000000000000000000000000000000000007ab0ea98750e276a0f11e4000de1a5a56825a78aad29120d880a1c8e1a36451ebb6787b236042548e391a732714e29dd1c6fca58696debb887b530cdc8ad4a416968f22fb8c69e2ce763a24c57185191138832d22b790caa3bee34e1655a1464a1b699e5e047e757b6cdff0013c00006f2380000000000000000000000000000000000000000000000000000000000000000000000000000000000000000dbaef2892ed35b0a5d069e4a53f549088e581639713d2bf64b131d53e12f7771a8b0e815ca1b04dc38ac229721249d8484f9959fb3897c235af02fb0a536b159b6739bf354f4789c2332fcb2cb5d5ea468f6c756db3b351ed8d98aad0a660944d61484ad5b8be3217ecab050a06afabf41aa22af753bdf6f6fdca5a34ea25b17afcc7f3d59d891a95af87c14b6a520b51d4e07de5fd301babf0e453a5c88739b535262baa65d42b916956552460d6a0794298eb645e71059d1de42e08fc1b898df4f4b54c1580000ef2b200000000000000000000000000000000000000000000000000000000000000000000000000000000001f5ca3d9a65c7dd436c254e38b51250849626a33e41e4458918bbfc16ac0fd36bd1852a633c2d328492a848c538a54b49f9a41f7af03ee4a869c9bd71a97b9fb14db5d6d6bc24789db9753619177377b44b3f8126532cf0d3545cb217a5cf84f57b9291b638325cd618ce0f06bed6c8b1ad7ef317dad1515554e46f091b21e46b5f1ebd15bcb16b48f3b9762642342be24e0af8853edf20edbbd8b21f4d2c454a9cd24953594f8d433fd6a35b2fb49c53ed0e226f627747a4e8597ef586a93da9cbf29cf626d72bbb4703c9f5679092c1b73ce23d1311198f12e72160db1a778d534a5208b848cad6e7c862bd3e7170a9f7a152ccaba1ba63c24f80001b8e2000000000000000000000000000000000000000000000000000000000000000000000000000003d74e1de3fa1de09f604ec7dd7b55594d64a85a25f8daf36d28e9c4992f7665fb63882ec2c548bc3b7744b391b312674a4a5e597e4d92d6717ea4128c7f54da8ecc38ecc686d9351e3a12db482dc42538253f0a451fdadcce8ea4c58f375b7ecf0fcfe82734aab734d92793831dc190e0c77079996883156aca799238cef9ec87d14b7733c5dac902a5f8647c362732b5d3ecaf1f8923b2dc154dfc592fa4763173a3b5c24ea3abc651827594d7e553f0eb7b227743cbf75cc589ec7e5f94f9626e539354ca2430b65d4e66dd4a90a2ec8a96a10d7026bd19ce336b34e3ce2df6c69f6de94a5bf1e6466d4b52d3c1b8482c758b61ff9cc3d6287db3b484d468e92adf1daa68c692e910fcc70ff00e89666cfd5a41f9aa7c9577b46433d9b0d5b7bf33e0ffe471291d7362477a4814c4c8b3b8933f61aeab1ebf78f92ebf9e037566ed2ace61c23d15b2eb59fdc24d9bab795870b52427d16cd5f58d539152f9890af45d42deed5ff004570a2e6c41245ca7fbc5ad1ee9a111f9fa83ee7a0824fde251abb3a0b45ae529e3edbf87c886a6cda23c494abd94d52ded588fdefc3894a6831f6934f3fee3179a2c4d9e8c78f93db33fd62ccfe663299a15219d11a9f0c95d4d1294309cfae7b20e8ff00c4f2d7beebfcff00c141252b51e09428cfab1196cd2e73f87030e42f1e8b4a31d0d128339fd4a6d2253b9b923c35abf95227235d85b8a8e1e27642bcf63b15e4f7529fe248c63325bbaa6a7d02aa7fdcbbf3f79ccedd94ac3a65853df4fa69c9f31948b135732d669b41769d21d4d17c1def4271e0d58e9cdf69e71a6bf9962622f8245e94b32e16974e8647cb22a48d5f8330d9d35ede5391f0302bedb7f9a9c928b0b33470b2196fb8cd43d4ac51278f38cfb9afea2e5bc6bb5b47761586e976ba221979e6f8565d65de15b7919b2e283fb2ad61a2b9c50e99fc4461e2eddcb1b8d5fe89c36cb5dc7967de948f872850639296a23ca5a715ac4b54ea0c53dacf217adba82da6349a9559ea8acf1f36d6eb65b086d4dee70dfd051d5b7acf49f2a311a9b84ca0cbf48a2f9008ad203a2238114cd2d3c4fc00019180001f400f901e8965c5f112a57710c845326af891241f734a0e3107ddb262068130cd98adbe58b1479ee96386a445ab4fb865b3606d4c83f33672aeaeb280effd4632eb1db265b1be06bfef1f98778dc99ba9b6d23f1365aaabd18ffb5510cf66e42f0e4962d590a9fb4d65f998d33958ebdb647df067d15be992bec03016831e0f379b270e0ac94d2c7a6eb48f9ac4b46f057bd6946596cd7058963e727c74fdb1a9b51c25ef5cbfc5065eed7fa27ee2ebf023b066d46af5b69ad6b3a7e4e80665c9a16f28bf80bd4a1d6ebde10377d6423d81b0f42b391729a6044421d5a53c7755aceafd6b5189e5ef0f1dd5733dff0031eef2f97ea96cc5aba1a950c67063b8321c18ee08a2420c470633e843adad0ea09c6d69512d0ae2a92ae32464b83c1ce281ba0e57a85c0db776bd5062cad9b9d54a5a2428a34a6c9294291bba54a4eb163955e889981e0b37ad2892b3b3adc44abf4f5065069f524d43ad6c65b16acc78db53db79e8ae60b425a223325faccb697f28d9debdfa620cb82a7cd70b971c89fb43d4f0755c2b7151efb783f89076db9d5dacb4a718392e9fe06f78d270f1b7e87071e9cc5af0f720c6cb07c0a2d1ab0f285aaa533ff0c5717f3c05ef26fb1694fe0b462cdfac95f72440ccbe8afac8ca3c6851f0e5c8a59fef50cdb57d297b2667ec6ff067176b0dd9b57f87fc9a542f0278a9c3ca16ca439ce4c53d28f9ad436187e07363a3e1e3b5aadcbc399c69af92060cebd4b56f91915538023e4658411ff28d66a16babf3ff00ddd6e7ba9e89c83497f08e79d6f03c95331b227569edbf87ecff00e16833e0b77654c24ae6b539e4972c9a929247f0e51e8abb3b8ea27fb88343252791e9ca78fdca598a224bab7d58bee2dd576d4a508e71294f14b28d33ae2f929832e8b39bbf94ff007cfcc741f966e3e8658c5a5d15c5168f3348e10fde681e4abf4b05472cb44b38f1a8b67050d964be639d9de518abda3e7face44f62c47d8699c0adbbeed3fb58bf6778522909cb4ab34445ba6fcbfb249fac6ab50f09db5cf9610e0d2a19ff00c6b70ff7a8542e7146cd61aecebb78533251d9e02021583d3de4e0da3a93d23ea2fe119267676436c56e6306c4c4a1773412abbecbcaaec96e1536aae9c879595a8f060a33ad5cc5ab985a14fa2bf61689f4b6ff006da4fe09b3ccdd2fc7966835eea14483f3abec27579f3086b496fac1783641914cb2cca2d1db65a30794a5254a6d5fae597113fab4e9f98e3abc4bc8ad5b7a9b95bb715454b7cb313493d0db29e8368e2a7e6ade1394d2c9d76b6e6f4eeea34ad5172f145d89f1f349b7dfe5f2b97c76962ca8f08e05229adad882d2f4b8b2529266b5f59e54eaee8e7ead5a7662666209a5e777978e284fde226bb6adea96666212a3c5e6cda57dff0070d60f1312a954b7339c17e6aa2f454774f69125c94ea9d90b371c56d518f120c07e8ea21e6789f200007c000000b4ec45e446884dc0b4d198718d048964c24d68f4f46b175f1bbc5cf0bc55f690f444c77197539d0b6d29511a7a44a1c8c36bb216eea5649f2f163f1886a3f3919c56a2bacb98fac42e6e9b1773d5de263133fa3e4b3ba753c6d5d54a4925d4912f1d6b49ea99fc434db256ae9b6ae2f0f4b7bcea13e7585e871bef2de2eb21b831b453aeadab6db62963475b177292f1d6bd1ae7f10968ea5748c43c6dd12d17608f73326a2284ec5d820a209d8bb070d809b89ba27e188089ba27e188fb019eb18ebde190b18ebde1cc7c5319c18ee0c87078936e3eb26d86d4eb87b1082c4c7c88ddcaa6f8309c1e0e7146eb4dbbdaa4f34ae6e480cf6f597ee1b9d2ac151e9995c5b3e3af96fbe78e9ea2d82c387ecf67e5f3346c5fd6fc3b48fbb52c7a7c7737ea951d36cf54eb4ac29f11c711fa45272a0bd663672ba298b84b5bb51693336a1b2419a3b8d5b7f70b750da524448491116c221e9868d02e38decbe1d2bf4b32f3f710d76af90edc9ca72e57ecf54e80ee5aa455329cd825de3217dc635f777875d4a8cd4b654d49421d69658292a4e246399edf354a8d68e647a0b04cc76751794f14a9de5c398b77d915fd57475d3a22c47e2b3e1e24be0ea0d96db197acd3de184f728cd78613dca20d0969309e186f0cc7860ba3ae0d6623bca31cd2a5b8942126b5a95952449cc6a574486cd662c755eda547c4a811b8534fe35e5eab6c973acfecf185bd2cec1f839d3513ad0b89ad5ab75ac596504937547d84fe4d18ef9ff413585836e573f753d4725b91b5ba345dcede5535cb1d720cc6a6aed1de9484522911db379711c77833c9cef2f70ba8b48d26f5fc27d52212accdd0b7e44a2348e08ea0d23827165d1653f932ed6df4455b7a37c5686f3a529fb4124a1d2993cf1e9ed39830d7695d357695ece51cfb692de999aa350f46eaa41a7f97ef16bc7a9517a3a17f78f96e3a622f4d9f3c5bc17f3da4e5a2b531a8e6b3717e35396ac54de7cc79b9d6aff0c55f55abcbabbe4e4d70d5d14a78a9ee2184ead4b59a9c351a8f49999e931e67b76096aea5acad6667db96df05f81f200037918000000000000000000000048d32ab328d39b994c92e4694d1e2871b56532fe9d43a26ef2f8605a036e0da25374eaa7149dc72b2ff00fd0fab8bf21cd18e0ad804679b410e3cbc3ab31783f6fc4eac7c97c79e5ec3bea3eae512d1760e4fbb5bed976714cd36d2f093e9458210e1697a397679cba8752d0eab0ab74e62a14994dcb84f162871b3d1e8f655d950f3fcfc0b70db9fbbea2d18d94990bd5de365882762ec105104ec5d820ac3b09b89ba27e188089ba374b2d4572b5256da17c134d962b5618e1cc91cc945b916ad75aee99353bad6aceddd3c5c1910e873ea47f824759a15f945e847bc58b4fb2f4e8464be04de708b8eeeb7f413794f0d1a05bf0fd949ef653fd8bf890b6eab31d5529a340bbb6cb05d5641baafd1b5aa9f7ed1b5c0a5c5a6b7921476994e1b89d27eb19c7816dc044552d1d368e9514c9284acbf26478abdc2d7561e06989bd6153f4cfe3245bdd9192dc1bac962d18738f353c8416ba8904678693e515b55ef3242c8d1488e4c97e91ed27f08fcb1316657aa2ed5eaefb921318f2b39d5ab9f94c8b6682f98e24d729c8c85c7c58df33e3d9106f6d3ecaaa9b6de582d2000165234d4adf5a54d99b3efbcd288a63fe6a3176cf97d5b4733bb8e2798cd47bca56f0de2f1ad19d7ebaae0978c38999a67a26ae55fafec8d1ddde1e4fac67fbf65f2f723aa3e62eba762fbbd1c5bbcc60bc309ee519af0fda751a757a7a20d223aa5485f223753d252b74846570cedb549166555dcc423c2c6b0d73132d0a5151b4ca5d268e459b29eabcf173eb710bacc6df12cb593b9fa526d15e24e8eecd2fc4a0cb3252be8348dab5f5fc873bdec5ffd76f194ec0a6f0946b39b3c550bf3aff5bca2fe42d1e90b862e975e3edb72bb7d3f31a7168cad5df662f52799dbfebe25a378de11145b0b01765ae763465bcc6285d4093998655cb93f48beb3d1e90e3eb596bf23cfd56d3541f973a4ab3a96eaf3bae9faff00f84359b516f6352897169449953125819e1e6dbfbcc54b509f26a5217226baa79d59e26a518b1d743dfc25fa97d265939b85a1acd185cf678b7e3f293168ed64bb42b34199b10d27a8c91e8ef3e731ad603ebbb6063a48c4b2aaa2f052897df6e43cd9637193e000064680000000000000000000000000000000003f46df61af02b560ea05228d2089859970f15dd2d3c9e6517d65a46a3b0c0cfa862e8962ec78e3064af293c60ef4bb2bd3a1de246c203a512a882c5ea7baad72ed23a65dded0b522ec1fcc4a7ce934c9ad4ba7bae4694c2c96d3adab2ad0a2e5231d6b72de1145686542b3b6d90655690b4b3167328d57d6ad0497525c551f48b473e0285aa684f4c35d8fccbf0f182c58ba845bc96f69d450d26a349248d4a5684a4b945f16568e546a4b6d2888df5ebba7da3e4f50a1e2ea9a72eaa858141b635082926e4abc7182e470f5cbb8fef111a2e762e0e433dfe6f1f81bb3e8bae4e085adb078c85b896966c2096e127552678119f788da5da18554c12d3991dfd1af42bfa8973c790c8c7a6d77557a6fa9b8c7e82b0c8d5b70682abb475baf1386d4ecd05b3e2935a08fdbe51a93bb4d5caa17d3d15a94d29a92da1d6d5b52a4e24634aadddeb4fe2e51dcf175fe895a507dc7ba283abe839b64f4d5d9367eacf6fcbfd8b0616a14a46c65e056cc447674a6a3c62c5d79648410bd68f4c668f4e621472d4693863ce7ca634fb0f652453e6489b556c9a71bf36ca7366ef5fd5ef1bfab032db8095f66f4c9c3a66fb9783b7f2839753ca8bde2b49e55067d434bbc5b44744a12d96159664b336dac36916f2bddf31b938a26d06b70c92492c4ccf9073cdb2af1da1ad3f20947e2e8f371cbb05cbebda3b75dcff72c5d89df7ea8ff00b93569d8bef17f19ec83527b60c37778493511f9cfa23c265c90fb87821082c4cc58d4cb0b45b1f497ad15e44e89162c62e11c4c87092cb3e9ab7cfabe63cf7034ec8ce7e15af2fabcb05b3272eac55e2fde34fb1f76b53b5ea44877340a5ef3eb4e973d02e5efd83d2f1efe2c65c74191676c34666b16993a1d690bc5b657cefbbcaaec169f445357d9e17950b546fd02eb8dea3d0ccb8376a597249925fabfd1a3f88fb22afa75d7489572551bc224baa546ad22324b5b4c7c322dcfdaad058f6543d17134fa3017e8fadfe3f810cdbf2655f23957cabf891b69ef0ad0db7abb954b4f38e7ca3d09c53821b2e8211b1042127257568c71de7dd65b3e3f00794d49e8e3d1186c8ce687d98e6dc5c28b5fa2e878f2fa4d751773443da728bb9dfed1908bb4a1ab924fedbfb46d31187a53ecb11506ec879696da4172ad4aca94fc42c2bdcbbd55dadac45252a5391dd84cc869d56f19a32b9fc695ff00084db7edddb8eaa3074ce996a7ad7737e8f494bffa6541c364afda97fd4792eed6869e493fb6fed1bbee8c758d51936fa896bf47d39579695fb8d217771452d9e33fb4fed1e2e5dfd1d3ff00e9fdaff68bdac1dd9c8b6d65adbd6194a8ce87050ec74a4ff1ae639d45fb342bd6a21593bac43a62eb7c58ab5b8980d632222f2fe834b72c2d253c5f18fda7f68c672c5d351c5393fb42fb86def0f8834d935aaa42a653d19e64e90d47611976ad6b224ff1286e5b2cf510f6e263af920d21cb274e463870ff001ff68c376cec247149cf8c5d37e57769baebc5aa59e60dc760b6db4f43717c65b4b4169f8b3a7d9155481d70cde2454d3432ee55350abc36a229be009459b1c71301916836b1eb01d69d842df0ab64c41040003e9a000000000000000003e8f498ea6f052bb8271c7edad5d925250a38f4c4ad3bdbeefab617b439fec2591976e6d453e890494953ebf3ce117e29a2e3acfb887f45a814c8b44a642a6531be0a143650c328e6222c3e2156f6873ba0a3a04ed6edfabfe497d371fa47e91bb14d9e26e89f8620226e89f863cbec2ce67af8c266996c67534890ff00e1ac16d259eb9771fde219631d7bc32c7cbbf11f7d0fc24d2f4d77af075dc5b148b4b4fab91263bbc1bdfa273555eee5133b79050cbd53234ea9a77859f621c9efd24dea8bea752b3f3495ed4a4bac7a368baedba83f416a75faa3ba57b37017197a456e536c000171220d06f32b8aa6d2130a3e64bb3350d45ba8e5d3d7b052ae0e9b970589cc1b331b43cd28b592b4e2462a7b7b6169d4780e54a9f21514b39178baf5d2b51eea0f8c91e7fed0e999573ce5c36e458eefc0b1e95974d711432f5b15dd3ed7bd61572eb91e13952f1486f19c46969429f24a336093e4d6490e35bcfbeab537c5574ccb5728d34e6979e252d851a18613d45bcbc37cf13f675475db9e8e61c536fecd7d14b6755a6a0b2b04ef0d1f57f24bd29f87361ea18fb3795caf8d3f597ff624b2e85e922d3a26e72e66e6ef7229354cb4968e955f42317e9529f8fc2f694dab82f388ed169e9124761d3ae9a834ebaeff004f1b279ca19c25c452d6a2e1559cccd4e63970cf9946ad9b47f3dbc186ca9da8be1a029d5f050a8f8d4e5b99b0242192c5389f211ad482f44d43b2e4f85cdddc7b66540298fbb00b142eb6da318a877a3d234f6c8b2fab48bc24a2af59039297b59b6be2de6299bd1b90ba3ba586475cb4d5f97537518b14c8cf306f39d67e6f511da3fe2144d9872cd9d688ad633544519d35111d3dd41bec96e9eba705f6b60df7c27eceb548bd6975482e949a6da08cd5422bc85f0885629c8bc0f9b14e6f6854ad08fba79b954b669c8cd42cb3b4ee3b8eed3c1deef1d9745b5d64ed0d46b91e33e990c1a9d694d1ad078a4964941191a4f0d1a360b12f4ee5e837aaed3a4d7a54b82ed390b4b6ec45212a3428c8f033511e82cbf314bf835cda35d6dd955edadb09c5023d625f07150a3d6750ce29c108de51acd7ee160d1ef5acb5fcd98aed9782f3d49aacd88f32dc394b4a1c5e2479569323c15c86643ad1aad9b657adbc084c85cf4ca9b91d9a1276efe1d9f1fb8e60bcea25dfd997974cb1154aad72a2d2f2bd29c75af156f9c8b2a08d67e8e8ef13b751616ecaf114cd32b15aac50ad12f4263adf678190afd4acd1fc07adde29d758762b8e47908e09e656a6dd42b7549560a4897b17669eb616be89428c4b254d9a86cd48e32118e65afd4949988647fa4e3b4f4dcdc46af0b6f4edb95776efcf2ed3fa1577175f46bb1b3922874653f2a3ca7d6fbee4acaa5b8a5112703c12458654910e77bc4f076ba8bb9a63b54b5569eb709859abc5e3b6e32b75c5741b464c55fe66316a5b2f093b13616bd1a82e3b26a46d384d4c7a1170a8885b358f7ccb9529c4cbbf40a13c2e20d3eb73accdb9b3931ba952aad195114fb2bce825b7ac9ee334a95a3b0266c9ab675794f2dc44cc6c889b59962df1f51485195615fb52f35691aaf43b32e9e0c3d19f69c92c76dd2c982fb449c32eee61d85751e0d97774fad50adbd93b4150b42c4659bf0d4b7da71952f052494795093c539b8bc865a4707bc3b27c1dab766ee4ae5a45afb6d3fc4ced0cd5bd163a559dd7d0dea212db7ca6664b563cca4e631ae8dbbbacecd521d5791a7d3b4b5ef9bc1e2cbdf04f8157b4f509f4b7a9b156c9bb11c42094d66cfaf9d2ad9adf118fe7edf2d1aec2cdcef255d7d5ab768a4b2bc245424bad78aa72eeb7950935abb5c5e8e61daabbd0b2de13975d6a6cc50dd729769254077252a4b995e35a35d06834f1d06a4a71c3d643f9b721269d5591a169560a4ab7543a5e57b6088c6875e57f2f94d5ed06d63da00b41b58f6806f4ee91d7ff00bb2410000ccd0000000000007de3b47e61b0058f735613e9d5ad69b968355261657e6f5a7751ed1e8eec46bbad4a2b6b1fb20d95a358f0907417839580fa2f67155ba83796a957412918ed6e36d4977ab8df08bfe2ec1051304e524912493a1245c5213b1760f24cec87cbb9ad7f3172a6b5a115209b89ba27e188089ba27e1885b0e833d631d7bc321631d7bc398f8a7bd2696aac545a889c721ab174cb911ca2e369b430d25b64928421244922e4214a45a8c9a6be97e13a6cb9b14645b4b98c6eb4abc4697959acb7e2ebfd3365991eb2da42efece67e0e22ca58db5e7c67b087d4b1efba61939960df74110d3ad55b66ececd8d19b8e5254b2ccf167c0d29e4c3ac6c122af118a6bb502750e456d19b3a0f1c4850d55a83b559cfcb93a1c7978fa3d1489ed7f559c1a55289e76fec70e9b87192f336472a974d1ed652eba922872124f97199735569f572fa855979b680aaf593871958c585aba361bbcaaf56cf886b06a520d268334ad3a52a2e310c3755994a356b2b30a7e67b41919f8bd03aedf8cc7893d8fa6578d7f490c47ba287f088b39c3c4a6d7d846bc7578ac83ec2b4a15f1629f685f0e8d76d650dab4967ea54a7f2a5325852107ccbda857c4948e3d3b23dd7252cfced246c4de9c0e41a75566c287321c296ec68d390844c6db565279093c5285f48b1d3978a3d591925671f8ee1b4fb884ba8560a4e556aa92236bf2be8cb2c3b21b5486dc352716f570575ff9ba3d477c58db54e6f77b71ea6b2c5db0a6c27539b229d169f2253aec188a5ae2b0b5e64326bc33e4e6c702d54f30fb686809bc3869fccdef8c864a6f2a127f337fe2209a2df499d1a961a76b965c9a94ca8370db9f25c7db86c701150b568651cc84f26d1f71dd723bedbd1dc5b4f34ace871b5289485739293c5315aa6f46127f3091fb448f74dec412ff00d7c8f8c8734e2dfe92c18face9a8bb66d5feaf94b366cd915194fcb9ceaa44a7d66e3ae2f6ad67b4cfac7c42a9cda4bcb7e9529d86fa9a5b46e32bc8bc8b2c0cb36ee25a0571fead41c3ff001b2bf6843ccef5a0abff005d27e321f2316ff81dd7ebba4bd7b22d5fe19f94dd5692496094e548fc5d4e6b54d7e98894ea69ef3a4fae3e3a86e96382f0e7d27a7ac68abbd284afcc647c643c57797097f9948f8c86e5c6b63ca57f2355c0b3b2dff91b4bc3e2ad549d565c7554a5bd2d51584c663845664b6d278a8427753d948d4557850d5f99bdf190f072ddc45fe6affbc86f8a5fd242dd9d8add8e6c0d4c934e96ccc8121e8b323ad2e30f32b5216d2d3c551293ac9508aa8c8766497a4ca59b8fbcb538eacf794ad2a508a72d9465fe6cefbc8623969a3af632e97ac874c23118f9343798c3b41b58f580c5aa4d44e36cda4293971da03ad23a883b995ac9982300007d35000000000001eecb2b79c4b4d24dc5ad444922da67cc3b72ea6c5a2c3d938d05682f283de7e6acb95c3ddee4a757e21445c0587f2a5695686a2d99c4a72b08a4a4e87247f671bbf28ea88e299af66ee9f764f0ef161d371f8474d24cc413b176082882762ec149b09d26e26e89f8620226e89f8623ec067ac63af78635a1b414bb2f499356b45398a6d3a3162ebefaf022ecf694add4a759438eef3afa6b37ac97a97674e459eb18a3cab516a4aa8976ba0d9f47977b36ef6e069b7e7cf18e55f3318434cb6c45dcc6f57ade1184c3d22cf5d4adaa854507c1cbac9ebc689ff1f238bed6c2ed6ee9f76f7c958b1a8453ed1ca9568a9ab59ad6e48733c968ccf49a0d5c64f615eac056a88d1a990c9b8e86e3c6693dc45da52857f696da29e52a2d1d46db67a16f96835777de2ff46918ad47bbaa715f33798caf94c14e92f6dcdf9eefcc7f482cfdaaa65a8a49cbb375344e82e1e0e132be2acb4e55a374cba2632dce28fe61d87bc1b41779572a9d979ce457763adab59b793d1711b1443b76e9bc20a8179adb7025e4a25a3d9e28e3ba8ff5b2b56df415a7d2153d57d9fc9c1fa4ab9d3fa94e4c4d46ac86e0dcb25aca18aef28cb7357366188ef28aaa138473a30deda331d186eef0ec4359435e4523c9b695d7909caccd4f0c9e6cdbc9f8b5bda15f5a4a5f966892a29275f2e66fd32d25ff005f685f979b49f1fa02a4a0b33d097c26af415aaafa95ec8a6db17dd3b21ada167c549dc554caa1aa7eef74e6d32c0cf1e71f9b3d46367b794af2557dfc85959925c323d7b4bdf88d5b1c7d62ee8dbd6260f22caa1f1ae7a5fb564f9000199ca000000000000000000000000000000000000001fbb34092a35264d7aa9129d4f41ae4c9709b424b9f9c46f28e85b86b1e98911cb4739af3f2316a2128b88def2fdad9dc4ae71cb9990b8b4359274e3513916c24171d95a1c7b3545834a8445c146460a5f4d7cab3ef3c4c6d51760898dba25a2ec1e6173358db98b92aaaaed526a209d8bb0414413b0d398d24911f6199371374405e25edd02eb298972aeb54cab484fe034b8fa5f907f611db3f6730acef12fdd14490f59fbbd6daacda22d57a51e98b07b4a3df5f5717f945211a9cef8f3f55ad4b7aaf5c97ad2274956659f51731094c2d23a4db664f2c7a7ccdf2a9d389897e7b7d1754799be5f5319d6aad1da1bceaa22ad6f5f2365b5a95068ed2bf07889e4c4b797d67fda222a9528b4a8a72673c4d365f12bb24918f696d442b3cc2b863e1651fe2984ab49f59f310a6eb15b995d97e3139ccc7b1082e2a0b98885e71f1ba585885da90659f9d8ba3a7414733fe7bdf2ff624ed2daf935c3369a238f0cb63647a55d663582d3b760fd2ea21f878e226955517841e7b75f6643efb278c9f23d10e29a5a56851a1693c48cb6918f30191a0e9fba5f0a595494c7a2de4f0b3a9e9c1b6ea884e77d92e4e113f942ebe3778eac8353855a80c5429329a9b05f2ccd3ecaf142cbbc7f2db1dba06fb7717b568aeda6e7a248e16038a239101fd665ef5721f68b48a7ea9ece5593c6ec5e57f8795bf02770f557ab92ee653fa0ce8c377786a57797b167ef36112a8eeaa3545b2c6453df52784475974d1d65ed651b6ba3cf9e9bb1ace8ad5daca5a52c4b577a36e823e630890c38cbe9ccd3a852165ce950e78a8405d2ea5261bb8e665d5234ef277543a25e153de652f82a846a8a12792427835fa69e2ff000ff289dd2aed96b573e625f4eb36dbb3d452979148f1ea214d68bcf433c55d683d07f64c53998f1eee41d28ec76e547758905999750a42d3ce950e7babd39da454e54374b1530e9a3bc8b61fbb01e83836ee5942bded660f456a652f63f54fd68ff1fd88a00012650c00000000000000000000000000000000000000367b1365ddb5b68a2d3d1992c63c248596e345c63fabbcc875ec18edc4619622a09a619425b6905b0925a1242b7ba8b27f46a824fca6f2d4679138ee3b508dc47d67de2cc6368a4ead95ef16ed5eea96cc0c7e86add3dac4ac6dd12d1760898dba312d3db5a4d89a678e569ef38bd11e2b7a5e7cf9905f6b8a2bd08d6b6c45dcc77b32a2ee6372767c5a5427e6d4e4b50e1c74e775e79782105d6a1465b0bdbab5bf37a97621c7e8b6670c922a66591f965ca4df411fbff946ab5aa9566f166b72ed619c3a4b679e2519b5ea27b6e748ff00cd519ea71886c1b8e1b6cb0da3499e824109dc5c04c69df6733ff4afccc4be0e9ad95f497f2a7a7ccdf5bd2bfd5f54fca65323526222340689b68b9b699f399f298d36d75e0334ccf129069913362dde321bff00b1882b5b784e4f25c2a2296c4533c1c7b8ab73bba242be3da78161de2c94624cf3dc73eb3ed2a569ee9a77757ab77cbf8fddf13d254a7663ca7a438a75d59e2a5a8f13318fca41a7983944a9e6f33333c64fc0001f4c400000000000cfa7d4255266b5369b29e8b29956669e696685a0f9c8c874f5d9784a315028f4abc25223c8d54a2a84582167fae2e4ef2d1e88e54c748119e3a07166e063e7a6db97edf13ab1f2adc56dc927f4a16b43ada1d696871b5a73a1685664a93d2250d66d7d37ca94394ca526a7509e11ac3a49ff00328e4dbb7be9ae5815a61af354a88a562b86eaf4b7ce6dab73bb60eacb2b6d28d6e2969a859e944fa0b2f0ccaf55c615d15a7ed71543cef334cc9d31e1e3997d45c30f514b99663aa63c0a7102b1bd5a3649512a6d1687cb8277d24f17f77c85cb6929be49adca8e94e5694ae11af455adf7a46b169a9255aa1cb89860e9a33b5874cb490b4e2deb0eb62f6317cd4b11755d2dd17b786e8fdbf9e539d007d292693325160643e45a0f090000000000000000000000000000000003eb49998dfaeb2cb797eba52e5b79a041c16bcdb16bdd47d7ea1a4468cecb90db11d06b75d5921092da667b0750591b3edd99a3314f6b037129cef389df70f69fd9f64466a595d055c23bcc496063f4f6f19ec836a638c2563f1843a5d6e3b6b7a438869942715ad6aca449ed285735fbc499685c729d6314b8d04b55fa9a8b2ad5ce4d96ef7ff28a8558b664b7042ceefb7abcc6e56c2f3d8b3cf2a914064aad68149fc591f9b8fd6e2beaf8b28af6353e44ba82ead68652aa757778ceacf4365ccd97210f2a452a2d25a36e2234af4adc5eb2d67ce6631ad05ab8d4041a0889f9aa2d46895c5ed1f309da31d68e4a17afd5f9f29df4d3563c7bc653767f0afccdf95262a95889448a7227b9911ba45b567cc442a2b476ba5da47890bc5984956286127fbcf9cc45d52ab2ab129522a0ea9d70cf02e622e6221807b4cf49899a3196aeb9ed2b9aa6b76e77d1d7ca9fdff6fe0798000ec2b40000000000000000000000000001f58edeb1b85dcda491666d445951642a3709e656a49eeab9fd780d37947d96247890c6c48b52527c4df45ad45ab62f81d6d5caea2bcc4679f6b829ecea2f271169e9767fb8436e885b3154f2bd1224ac4cdc5232398f4cb4189add152e8fa0e48f29fa0f076363ab57d8dccbfbc51d6fa9274ab42f9b4583124b8647af697bc6a8446a3d1b740b9af2693e50a178d3458bb0cf3fb07c6fa8fd42994a55c9ce42cb8d674b5449e2fafe17b96a2eb1dd6e68fb7fc9e60003a8ae800000000000000000000001fba47de43c86bc3411e0252cfd11fb43568b4e8ba16fac88d47b109e551f710f933111c64ca225a7841625d0595e11d5d7a62351a336e1a545b57cabf56cf7f30b52a95c8367e1aa5559f265ad894ed5acf988b94c6b958b4d4cb110e351a98d78dce6d049662367c4eb70f939f9c68e4c49a94df28d79df1b9aae223f26d2799242b134be75bd35bd49e52cf4c7409d0d5def319f54aad4edca92aa991c0a212b3b10d0ad2e731b87fe7da12319a430d21b650486d09c1249d8430dc90cc4656ec9709a6d1b566344b416b5ea899c7806a6621e8332e339fd3a849257bb91176a9d5375582bbdf9a5bef927ed0db76e2a571a8eb25bbb14fed24f7739f58ae1d75721c538ea8d6b51e2666789998f20c701235d6b547082b195976e5b6e73f00006d38c000000000000000000000000000000000000002cfba9aa65766535d3d0b2e1db2ed6c3fabdc2d1dd1ced41a92a91578739389a5a748d65ce9e5fdc3a1d0b4adb25a0f32149c52ae74882ceaf85bbbd47b17b2199ef184d44f6a7fc67f3278c869121a75979399b752a4293ce950e7cac53dca45525427713365c3223e72e43f70e8658abef469395c8d54693aae79a74fb5c9f5fb87dc1b383ecf89c7ed5e274d8dd3476a7fc64ad00004e1e5200000000000000000000004c947c288b51969370965f213964aa92291164268ade4a949f36e4c516861be8a3acf6e3d443e1b612b88964f59b3424849c5690cb6486d048417210e679868e124c578fccb27bd3e037148d6599d7dcd2e3abd65a8c644faac6a5b1c2495eb65d4416d5888a9d79aa623836b0764f471d08effb86952653d2df37642cd6e2b6998c16b97eb6375996b8ebb2aed33eb15c935873174f2b49e23447aa9fea224b4ec1fba47e10eb85888e10423bb3b7163f00007d30000000000000000000000000000000000000000000003d5045a31ee3173589b5505fa1c68f3e634c4a8fe6b0717812925b0f4f57c853389eb625de083c3691fa8c73dd4adcbb589ad2b55b749be6dae38f18e13074a92d2e967428969e74ab3088afd34aaf4895115b568c507ccb2d2428b8d519905ce121c97a3ab9db5a92360837835b8c6495c844a4733c8c7f796911fee2e8db918b737b518b975b577d531bbf7be5356341a4cc95aaa2d06463e33191e3ca33aab37ca535e944ca5937546a34a3611f288fe5d225a0f3a788569859e307e0000c8c0000000000000000037384bcd198599ee16618551afe42e0601e9d8a73ee10eecc77c55b649583786c2e5187ca352a719e32773e436ddb014a35199a8f1331f200369c20000000000000000000000000000000000000000000000000000000000000000000000000000000000000000000001fffd9, 12489, 0);

-- --------------------------------------------------------

--
-- Table structure for table `forum`
--

CREATE TABLE `forum` (
  `ForumID` int(11) NOT NULL,
  `Name` varchar(20) NOT NULL,
  `Description` varchar(255) DEFAULT NULL,
  `Closure` datetime NOT NULL,
  `FinalClosure` datetime NOT NULL,
  `Removed` tinyint(1) NOT NULL DEFAULT 0
) ENGINE=InnoDB DEFAULT CHARSET=latin1;

--
-- Dumping data for table `forum`
--

INSERT INTO `forum` (`ForumID`, `Name`, `Description`, `Closure`, `FinalClosure`, `Removed`) VALUES
(1, 'Courses', 'Course related issues', '2023-03-29 12:00:00', '2023-03-29 12:00:00', 0),
(2, 'Student Affairs', 'Services & support division', '2023-05-02 00:00:00', '2023-05-03 00:00:00', 0),
(3, 'Recreational Portal ', 'Activities & events discussion', '2023-03-28 00:00:00', '2023-03-27 00:00:00', 0);

-- --------------------------------------------------------

--
-- Table structure for table `idea`
--

CREATE TABLE `idea` (
  `IdeaID` int(11) NOT NULL,
  `UserID` int(11) NOT NULL,
  `ForumID` int(11) NOT NULL,
  `Title` varchar(100) NOT NULL,
  `IdeaText` text NOT NULL,
  `Anonymous` tinyint(1) NOT NULL DEFAULT 0,
  `DatePosted` datetime NOT NULL DEFAULT current_timestamp(),
  `ViewCounter` int(11) NOT NULL DEFAULT 0,
  `Removed` tinyint(1) NOT NULL DEFAULT 0
) ENGINE=InnoDB DEFAULT CHARSET=latin1;

--
-- Dumping data for table `idea`
--

INSERT INTO `idea` (`IdeaID`, `UserID`, `ForumID`, `Title`, `IdeaText`, `Anonymous`, `DatePosted`, `ViewCounter`, `Removed`) VALUES
(1, 3, 1, 'BCOMP Fees', 'Too expensive lorhh', 0, '2023-03-21 12:00:00', 53, 0),
(2, 7, 1, 'Technology Fees', 'For what? Already pay so much', 1, '2023-03-22 21:20:00', 6, 0),
(3, 21, 1, 'Coursework dues', 'Due dates are too crucial', 0, '2023-03-23 02:51:53', 18, 0),
(4, 17, 1, 'BCOMP FYP', 'Wahhhh!! Can ask for so many requirements', 0, '2023-03-23 02:54:32', 5, 0),
(5, 2, 1, 'Course Lectures ', 'Some lectures very pretty u know', 1, '2023-03-23 02:54:49', 2, 1),
(6, 3, 3, 'BCOMP Graduation', 'Want to finish fast and graduate', 0, '2023-03-29 18:45:48', 0, 0),
(7, 1, 2, 'MPU issues', 'Why we need to take this ahh?', 1, '2023-03-28 09:37:30', 0, 0),
(8, 1, 2, 'MPU CW Deadline', 'Wasting time doing mpu assignments', 1, '2023-03-29 10:27:57', 0, 0),
(9, 2, 1, 'Engineering Exam', 'Easier than Computing, HEHEHE!!!', 0, '2023-03-29 14:30:43', 0, 0),
(10, 1, 3, 'Meeting', 'ennn', 0, '2023-04-03 15:46:28', 0, 0),
(11, 1, 3, 'sample', 'sample', 0, '2023-04-06 05:43:05', 0, 0),
(12, 1, 3, 'Sample', 'Sample...', 0, '2023-04-06 16:50:02', 0, 1),
(13, 1, 2, 'Title 1', 'testing for sample category', 0, '2023-04-06 16:59:13', 0, 1),
(14, 1, 3, 'testing 1', 'this is a test to submit an idea with a file', 0, '2023-04-06 17:05:13', 0, 1),
(15, 1, 2, 'testing 1', 'this is a test to submit an idea with a file', 0, '2023-04-06 17:14:54', 0, 1),
(16, 1, 2, 'testing 1', 'this is a test to submit an idea with a file', 0, '2023-04-06 17:18:27', 0, 1),
(17, 1, 2, 'testing 1', 'this is a test to submit an idea with a file', 0, '2023-04-06 17:19:03', 0, 1),
(19, 27, 1, 'presentation', 'Enterprise web development presentation', 0, '2023-04-19 07:18:32', 0, 0),
(20, 29, 1, 'Final Year Project', 'Viva is coming soon....', 0, '2023-04-19 08:04:11', 0, 0),
(21, 29, 1, 'Viva Presentation', 'Im presenting on 3rd May... how about you guyss...!!!!!', 1, '2023-04-19 08:05:16', 0, 0),
(22, 30, 1, 'Testing', 'Report Testing...', 0, '2023-04-19 15:28:12', 0, 0),
(23, 30, 1, 'Enterprise Testing', 'Testing with Ho Kai Lin', 1, '2023-04-19 15:29:01', 0, 0);

-- --------------------------------------------------------

--
-- Table structure for table `ideacategory`
--

CREATE TABLE `ideacategory` (
  `IdeaCategory` int(11) NOT NULL,
  `IdeaID` int(11) NOT NULL,
  `CategoryID` int(11) NOT NULL
) ENGINE=InnoDB DEFAULT CHARSET=latin1;

--
-- Dumping data for table `ideacategory`
--

INSERT INTO `ideacategory` (`IdeaCategory`, `IdeaID`, `CategoryID`) VALUES
(1, 1, 3),
(2, 5, 5),
(3, 7, 2),
(12, 20, 4),
(13, 21, 4),
(14, 22, 12),
(15, 23, 12);

-- --------------------------------------------------------

--
-- Table structure for table `rate`
--

CREATE TABLE `rate` (
  `RateID` int(11) NOT NULL,
  `IdeaID` int(11) NOT NULL,
  `UserID` int(11) NOT NULL,
  `ThumbUp` tinyint(1) NOT NULL DEFAULT 0,
  `ThumbDown` tinyint(1) NOT NULL DEFAULT 0
) ENGINE=InnoDB DEFAULT CHARSET=latin1;

--
-- Dumping data for table `rate`
--

INSERT INTO `rate` (`RateID`, `IdeaID`, `UserID`, `ThumbUp`, `ThumbDown`) VALUES
(1, 1, 5, 1, 0),
(2, 2, 7, 1, 0),
(3, 1, 4, 1, 0),
(4, 1, 6, 1, 0),
(5, 1, 7, 0, 1),
(6, 3, 21, 0, 0),
(7, 4, 7, 0, 1),
(8, 4, 17, 0, 0),
(9, 2, 9, 0, 0),
(10, 7, 1, 1, 0),
(11, 8, 1, 1, 0),
(12, 8, 1, 0, 1),
(13, 9, 1, 1, 0),
(14, 5, 27, 1, 0),
(15, 19, 29, 1, 0),
(16, 21, 30, 1, 0),
(17, 20, 1, 1, 0),
(18, 20, 30, 0, 1);

-- --------------------------------------------------------

--
-- Table structure for table `role`
--

CREATE TABLE `role` (
  `RoleID` int(11) NOT NULL,
  `Name` varchar(30) DEFAULT NULL,
  `Type` varchar(30) DEFAULT NULL,
  `Description` varchar(255) DEFAULT NULL,
  `NoDepartment` tinyint(1) NOT NULL DEFAULT 0,
  `Removed` tinyint(1) NOT NULL DEFAULT 0
) ENGINE=InnoDB DEFAULT CHARSET=latin1;

--
-- Dumping data for table `role`
--

INSERT INTO `role` (`RoleID`, `Name`, `Type`, `Description`, `NoDepartment`, `Removed`) VALUES
(1, 'Quality Assurance Manager', 'Manager', NULL, 1, 0),
(2, 'Quality Assurance Coordinator', 'Coordinator', NULL, 0, 0),
(3, 'Academic Staff', 'Staff', NULL, 0, 0),
(4, 'Support Staff', 'Staff', NULL, 0, 0);

-- --------------------------------------------------------

--
-- Table structure for table `test`
--

CREATE TABLE `test` (
  `ID` int(11) NOT NULL,
  `Number` int(11) DEFAULT NULL,
  `String` varchar(100) NOT NULL
) ENGINE=InnoDB DEFAULT CHARSET=latin1;

-- --------------------------------------------------------

--
-- Table structure for table `user`
--

CREATE TABLE `user` (
  `UserID` int(11) NOT NULL,
  `DepartmentID` int(11) DEFAULT NULL,
  `RoleID` int(11) NOT NULL,
  `UserName` varchar(20) NOT NULL,
  `Password` varchar(100) NOT NULL,
  `Email` varchar(50) NOT NULL,
  `Admin` tinyint(1) NOT NULL DEFAULT 0,
  `Banned` tinyint(1) NOT NULL DEFAULT 0,
  `Removed` tinyint(1) NOT NULL DEFAULT 0
) ENGINE=InnoDB DEFAULT CHARSET=latin1;

--
-- Dumping data for table `user`
--

INSERT INTO `user` (`UserID`, `DepartmentID`, `RoleID`, `UserName`, `Password`, `Email`, `Admin`, `Banned`, `Removed`) VALUES
(1, NULL, 1, 'kajen', 'password', 'kajen@mail.com', 1, 0, 0),
(2, 1, 2, 'keerthi', 'NotPassword', 'kitty@mail.com', 0, 0, 0),
(3, 1, 3, 'minqi', 'minqi1212', 'minqi@mail.com', 0, 0, 0),
(4, 1, 4, 'kai lin', 'kailin@123', 'kailin@mail.com', 0, 0, 0),
(5, 2, 2, 'brian', 'brian@55', 'brian@mail.com', 0, 0, 0),
(6, 2, 3, 'miesha', 'Pikachu', 'amie@mail.com', 0, 0, 0),
(7, 2, 4, 'vilaa', 'Steal', 'vilaa@mail.com', 0, 0, 0),
(8, 3, 4, 'sathesh', 'The Witcher 2', 'satesh@mail.com', 0, 0, 0),
(9, 3, 3, 'jidah', 'ILoveMuscles', 'hajidah@mail.com', 0, 0, 0),
(10, 3, 4, 'faten', 'faten123', 'faten@mail.com', 1, 0, 0),
(12, 1, 3, 'khai', 'The Witcher 2', 'khai@mail.com', 0, 0, 1),
(13, 2, 3, 'amirul', 'Password', 'amirul@mail.com', 0, 0, 0),
(16, 3, 4, 'danny', 'Password', 'danny@mail.com', 0, 0, 0),
(17, 1, 4, 'thana', 'Oww', 'thana@mail.com', 0, 0, 0),
(18, 1, 4, 'tnesh', 'Skinner', 'tnesh@mail.com', 0, 0, 0),
(19, 2, 3, 'sharan', '5bd645247d18b80956274ebbd639f5f4', 'sharan@mail.com', 0, 0, 1),
(20, 3, 2, 'fahid', 'I can fly', 'fahid@mail.com', 0, 0, 0),
(21, 1, 4, 'Hasebe', 'Jaa ne Lucy', 'OnABreak@mail.com', 0, 0, 0),
(22, 1, 4, 'asdf', 'The Witcher 2', 'asdf@gmail.com', 0, 0, 0),
(26, 2, 2, 'mathan', '397323da7c95a41d090651aea0b49c26', 'mathan@gmail.com', 0, 0, 0),
(27, 2, 3, 'missy', 'missy', 'kumar@gmail.com', 0, 0, 0),
(28, 2, 4, 'kumar', '0606cf2c15344e7fba6d995eff88602e', 'kumar@gmail.com', 0, 0, 0),
(29, 2, 3, 'raj', 'raj123', 'raj@gmail.com', 0, 0, 0),
(30, 2, 3, 'santhiya', 'santhiya', 'santhiya@gmail.com', 0, 0, 0);

--
-- Indexes for dumped tables
--

--
-- Indexes for table `category`
--
ALTER TABLE `category`
  ADD PRIMARY KEY (`CategoryID`);

--
-- Indexes for table `comment`
--
ALTER TABLE `comment`
  ADD PRIMARY KEY (`CommentID`),
  ADD KEY `IdeaID` (`IdeaID`),
  ADD KEY `StaffID` (`UserID`);

--
-- Indexes for table `department`
--
ALTER TABLE `department`
  ADD PRIMARY KEY (`DepartmentID`);

--
-- Indexes for table `document`
--
ALTER TABLE `document`
  ADD PRIMARY KEY (`DocumentID`),
  ADD KEY `IdeaID` (`IdeaID`);

--
-- Indexes for table `forum`
--
ALTER TABLE `forum`
  ADD PRIMARY KEY (`ForumID`);

--
-- Indexes for table `idea`
--
ALTER TABLE `idea`
  ADD PRIMARY KEY (`IdeaID`),
  ADD KEY `StaffID` (`UserID`),
  ADD KEY `ForumID` (`ForumID`);

--
-- Indexes for table `ideacategory`
--
ALTER TABLE `ideacategory`
  ADD PRIMARY KEY (`IdeaCategory`),
  ADD KEY `CategoryID` (`CategoryID`),
  ADD KEY `IdeaID` (`IdeaID`);

--
-- Indexes for table `rate`
--
ALTER TABLE `rate`
  ADD PRIMARY KEY (`RateID`),
  ADD KEY `StaffID` (`UserID`),
  ADD KEY `IdeaID` (`IdeaID`);

--
-- Indexes for table `role`
--
ALTER TABLE `role`
  ADD PRIMARY KEY (`RoleID`);

--
-- Indexes for table `test`
--
ALTER TABLE `test`
  ADD PRIMARY KEY (`ID`);

--
-- Indexes for table `user`
--
ALTER TABLE `user`
  ADD PRIMARY KEY (`UserID`),
  ADD KEY `DepartmentID` (`DepartmentID`),
  ADD KEY `RoleID` (`RoleID`);

--
-- AUTO_INCREMENT for dumped tables
--

--
-- AUTO_INCREMENT for table `category`
--
ALTER TABLE `category`
  MODIFY `CategoryID` int(11) NOT NULL AUTO_INCREMENT, AUTO_INCREMENT=15;

--
-- AUTO_INCREMENT for table `comment`
--
ALTER TABLE `comment`
  MODIFY `CommentID` int(11) NOT NULL AUTO_INCREMENT, AUTO_INCREMENT=13;

--
-- AUTO_INCREMENT for table `department`
--
ALTER TABLE `department`
  MODIFY `DepartmentID` int(11) NOT NULL AUTO_INCREMENT, AUTO_INCREMENT=4;

--
-- AUTO_INCREMENT for table `document`
--
ALTER TABLE `document`
  MODIFY `DocumentID` int(11) NOT NULL AUTO_INCREMENT, AUTO_INCREMENT=6;

--
-- AUTO_INCREMENT for table `forum`
--
ALTER TABLE `forum`
  MODIFY `ForumID` int(11) NOT NULL AUTO_INCREMENT, AUTO_INCREMENT=4;

--
-- AUTO_INCREMENT for table `idea`
--
ALTER TABLE `idea`
  MODIFY `IdeaID` int(11) NOT NULL AUTO_INCREMENT, AUTO_INCREMENT=24;

--
-- AUTO_INCREMENT for table `ideacategory`
--
ALTER TABLE `ideacategory`
  MODIFY `IdeaCategory` int(11) NOT NULL AUTO_INCREMENT, AUTO_INCREMENT=16;

--
-- AUTO_INCREMENT for table `rate`
--
ALTER TABLE `rate`
  MODIFY `RateID` int(11) NOT NULL AUTO_INCREMENT, AUTO_INCREMENT=19;

--
-- AUTO_INCREMENT for table `role`
--
ALTER TABLE `role`
  MODIFY `RoleID` int(11) NOT NULL AUTO_INCREMENT, AUTO_INCREMENT=5;

--
-- AUTO_INCREMENT for table `test`
--
ALTER TABLE `test`
  MODIFY `ID` int(11) NOT NULL AUTO_INCREMENT, AUTO_INCREMENT=10;

--
-- AUTO_INCREMENT for table `user`
--
ALTER TABLE `user`
  MODIFY `UserID` int(11) NOT NULL AUTO_INCREMENT, AUTO_INCREMENT=31;

--
-- Constraints for dumped tables
--

--
-- Constraints for table `comment`
--
ALTER TABLE `comment`
  ADD CONSTRAINT `Comment_ibfk_1` FOREIGN KEY (`IdeaID`) REFERENCES `idea` (`IdeaID`),
  ADD CONSTRAINT `Comment_ibfk_2` FOREIGN KEY (`UserID`) REFERENCES `user` (`UserID`);

--
-- Constraints for table `document`
--
ALTER TABLE `document`
  ADD CONSTRAINT `Document_ibfk_1` FOREIGN KEY (`IdeaID`) REFERENCES `idea` (`IdeaID`);

--
-- Constraints for table `idea`
--
ALTER TABLE `idea`
  ADD CONSTRAINT `Idea_ibfk_1` FOREIGN KEY (`UserID`) REFERENCES `user` (`UserID`),
  ADD CONSTRAINT `Idea_ibfk_2` FOREIGN KEY (`ForumID`) REFERENCES `forum` (`ForumID`);

--
-- Constraints for table `ideacategory`
--
ALTER TABLE `ideacategory`
  ADD CONSTRAINT `IdeaCategory_ibfk_1` FOREIGN KEY (`CategoryID`) REFERENCES `category` (`CategoryID`),
  ADD CONSTRAINT `IdeaCategory_ibfk_2` FOREIGN KEY (`IdeaID`) REFERENCES `idea` (`IdeaID`);

--
-- Constraints for table `rate`
--
ALTER TABLE `rate`
  ADD CONSTRAINT `Rate_ibfk_1` FOREIGN KEY (`UserID`) REFERENCES `user` (`UserID`),
  ADD CONSTRAINT `Rate_ibfk_2` FOREIGN KEY (`IdeaID`) REFERENCES `idea` (`IdeaID`);

--
-- Constraints for table `user`
--
ALTER TABLE `user`
  ADD CONSTRAINT `User_ibfk_1` FOREIGN KEY (`DepartmentID`) REFERENCES `department` (`DepartmentID`),
  ADD CONSTRAINT `User_ibfk_2` FOREIGN KEY (`RoleID`) REFERENCES `role` (`RoleID`);
COMMIT;

/*!40101 SET CHARACTER_SET_CLIENT=@OLD_CHARACTER_SET_CLIENT */;
/*!40101 SET CHARACTER_SET_RESULTS=@OLD_CHARACTER_SET_RESULTS */;
/*!40101 SET COLLATION_CONNECTION=@OLD_COLLATION_CONNECTION */;
